country,country_url
Censuses by country,https://en.wikipedia.org/wiki/Censuses_by_country
Abkhazia,https://en.wikipedia.org/wiki/Demographics_of_Abkhazia
Afghanistan,https://en.wikipedia.org/wiki/Demographics_of_Afghanistan
Albania,https://en.wikipedia.org/wiki/Demographics_of_Albania
Algeria,https://en.wikipedia.org/wiki/Demographics_of_Algeria
American Samoa,https://en.wikipedia.org/wiki/Demographics_of_American_Samoa
Andorra,https://en.wikipedia.org/wiki/Demographics_of_Andorra
Angola,https://en.wikipedia.org/wiki/Demographics_of_Angola
Antigua and Barbuda,https://en.wikipedia.org/wiki/Demographics_of_Antigua_and_Barbuda
Argentina,https://en.wikipedia.org/wiki/Demographics_of_Argentina
Armenia,https://en.wikipedia.org/wiki/Demographics_of_Armenia
Aruba,https://en.wikipedia.org/wiki/Demographics_of_Aruba
Australia,https://en.wikipedia.org/wiki/Demographics_of_Australia
Austria,https://en.wikipedia.org/wiki/Demographics_of_Austria
Azerbaijan,https://en.wikipedia.org/wiki/Demographics_of_Azerbaijan
Bahrain,https://en.wikipedia.org/wiki/Demographics_of_Bahrain
the Bahamas,https://en.wikipedia.org/wiki/Demographics_of_the_Bahamas
Bangladesh,https://en.wikipedia.org/wiki/Demographics_of_Bangladesh
Belarus,https://en.wikipedia.org/wiki/Demographics_of_Belarus
Belgium,https://en.wikipedia.org/wiki/Demographics_of_Belgium
Belize,https://en.wikipedia.org/wiki/Demographics_of_Belize
Benin,https://en.wikipedia.org/wiki/Demographics_of_Benin
Bhutan,https://en.wikipedia.org/wiki/Demographics_of_Bhutan
Bolivia,https://en.wikipedia.org/wiki/Demographics_of_Bolivia
Bosnia and Herzegovina,https://en.wikipedia.org/wiki/Demographics_of_Bosnia_and_Herzegovina
Botswana,https://en.wikipedia.org/wiki/Demographics_of_Botswana
Brazil,https://en.wikipedia.org/wiki/Demographics_of_Brazil
Brunei,https://en.wikipedia.org/wiki/Demographics_of_Brunei
Bulgaria,https://en.wikipedia.org/wiki/Demographics_of_Bulgaria
Burkina Faso,https://en.wikipedia.org/wiki/Demographics_of_Burkina_Faso
Burundi,https://en.wikipedia.org/wiki/Demographics_of_Burundi
Cambodia,https://en.wikipedia.org/wiki/Demographics_of_Cambodia
Cameroon,https://en.wikipedia.org/wiki/Demographics_of_Cameroon
Canada,https://en.wikipedia.org/wiki/Demographics_of_Canada
Cape Verde,https://en.wikipedia.org/wiki/Demographics_of_Cape_Verde
the Central African Republic,https://en.wikipedia.org/wiki/Demographics_of_the_Central_African_Republic
Chad,https://en.wikipedia.org/wiki/Demographics_of_Chad
Chile,https://en.wikipedia.org/wiki/Demographics_of_Chile
China,https://en.wikipedia.org/wiki/Demographics_of_China
Colombia,https://en.wikipedia.org/wiki/Demographics_of_Colombia
the Comoros,https://en.wikipedia.org/wiki/Demographics_of_the_Comoros
the Democratic Republic of the Congo,https://en.wikipedia.org/wiki/Demographics_of_the_Democratic_Republic_of_the_Congo
the Republic of the Congo,https://en.wikipedia.org/wiki/Demographics_of_the_Republic_of_the_Congo
Costa Rica,https://en.wikipedia.org/wiki/Demographics_of_Costa_Rica
Croatia,https://en.wikipedia.org/wiki/Demographics_of_Croatia
Cuba,https://en.wikipedia.org/wiki/Demographics_of_Cuba
Cyprus,https://en.wikipedia.org/wiki/Demographics_of_Cyprus
the Czech Republic,https://en.wikipedia.org/wiki/Demographics_of_the_Czech_Republic
Denmark,https://en.wikipedia.org/wiki/Demographics_of_Denmark
Djibouti,https://en.wikipedia.org/wiki/Demographics_of_Djibouti
Dominica,https://en.wikipedia.org/wiki/Demographics_of_Dominica
the Dominican Republic,https://en.wikipedia.org/wiki/Demographics_of_the_Dominican_Republic
East Timor,https://en.wikipedia.org/wiki/Demographics_of_East_Timor
Ecuador,https://en.wikipedia.org/wiki/Demographics_of_Ecuador
Egypt,https://en.wikipedia.org/wiki/Demographics_of_Egypt
El Salvador,https://en.wikipedia.org/wiki/Demographics_of_El_Salvador
Equatorial Guinea,https://en.wikipedia.org/wiki/Demographics_of_Equatorial_Guinea
Eritrea,https://en.wikipedia.org/wiki/Demographics_of_Eritrea
Estonia,https://en.wikipedia.org/wiki/Demographics_of_Estonia
Eswatini,https://en.wikipedia.org/wiki/Demographics_of_Eswatini
Ethiopia,https://en.wikipedia.org/wiki/Demographics_of_Ethiopia
Fiji,https://en.wikipedia.org/wiki/Demographics_of_Fiji
Finland,https://en.wikipedia.org/wiki/Demographics_of_Finland
France,https://en.wikipedia.org/wiki/Demographics_of_France
Gabon,https://en.wikipedia.org/wiki/Demographics_of_Gabon
the Gambia,https://en.wikipedia.org/wiki/Demographics_of_the_Gambia
Georgia (country),https://en.wikipedia.org/wiki/Demographics_of_Georgia_(country)
Germany,https://en.wikipedia.org/wiki/Demographics_of_Germany
Ghana,https://en.wikipedia.org/wiki/Demographics_of_Ghana
Greece,https://en.wikipedia.org/wiki/Demographics_of_Greece
Grenada,https://en.wikipedia.org/wiki/Demographics_of_Grenada
Guatemala,https://en.wikipedia.org/wiki/Demographics_of_Guatemala
Guinea,https://en.wikipedia.org/wiki/Demographics_of_Guinea
Guinea-Bissau,https://en.wikipedia.org/wiki/Demographics_of_Guinea-Bissau
Guyana,https://en.wikipedia.org/wiki/Demographics_of_Guyana
Haiti,https://en.wikipedia.org/wiki/Demographics_of_Haiti
Honduras,https://en.wikipedia.org/wiki/Demographics_of_Honduras
Hungary,https://en.wikipedia.org/wiki/Demographics_of_Hungary
Iceland,https://en.wikipedia.org/wiki/Demographics_of_Iceland
India,https://en.wikipedia.org/wiki/Demographics_of_India
Indonesia,https://en.wikipedia.org/wiki/Demographics_of_Indonesia
Iran,https://en.wikipedia.org/wiki/Demographics_of_Iran
Iraq,https://en.wikipedia.org/wiki/Demographics_of_Iraq
the Republic of Ireland,https://en.wikipedia.org/wiki/Demographics_of_the_Republic_of_Ireland
Israel,https://en.wikipedia.org/wiki/Demographics_of_Israel
Italy,https://en.wikipedia.org/wiki/Demographics_of_Italy
Ivory Coast,https://en.wikipedia.org/wiki/Demographics_of_Ivory_Coast
Jamaica,https://en.wikipedia.org/wiki/Demographics_of_Jamaica
Japan,https://en.wikipedia.org/wiki/Demographics_of_Japan
Jordan,https://en.wikipedia.org/wiki/Demographics_of_Jordan
Kazakhstan,https://en.wikipedia.org/wiki/Demographics_of_Kazakhstan
Kenya,https://en.wikipedia.org/wiki/Demographics_of_Kenya
Kiribati,https://en.wikipedia.org/wiki/Demographics_of_Kiribati
Korea,https://en.wikipedia.org/wiki/Demographics_of_Korea
Kosovo,https://en.wikipedia.org/wiki/Demographics_of_Kosovo
Kuwait,https://en.wikipedia.org/wiki/Demographics_of_Kuwait
Kyrgyzstan,https://en.wikipedia.org/wiki/Demographics_of_Kyrgyzstan
Laos,https://en.wikipedia.org/wiki/Demographics_of_Laos
Latvia,https://en.wikipedia.org/wiki/Demographics_of_Latvia
Lebanon,https://en.wikipedia.org/wiki/Demographics_of_Lebanon
Lesotho,https://en.wikipedia.org/wiki/Demographics_of_Lesotho
Liberia,https://en.wikipedia.org/wiki/Demographics_of_Liberia
Libya,https://en.wikipedia.org/wiki/Demographics_of_Libya
Liechtenstein,https://en.wikipedia.org/wiki/Demographics_of_Liechtenstein
Lithuania,https://en.wikipedia.org/wiki/Demographics_of_Lithuania
Luxembourg,https://en.wikipedia.org/wiki/Demographics_of_Luxembourg
Madagascar,https://en.wikipedia.org/wiki/Demographics_of_Madagascar
Malaysia,https://en.wikipedia.org/wiki/Demographics_of_Malaysia
Malawi,https://en.wikipedia.org/wiki/Demographics_of_Malawi
the Maldives,https://en.wikipedia.org/wiki/Demographics_of_the_Maldives
Mali,https://en.wikipedia.org/wiki/Demographics_of_Mali
Malta,https://en.wikipedia.org/wiki/Demographics_of_Malta
the Marshall Islands,https://en.wikipedia.org/wiki/Demographics_of_the_Marshall_Islands
Mauritania,https://en.wikipedia.org/wiki/Demographics_of_Mauritania
Mauritius,https://en.wikipedia.org/wiki/Demographics_of_Mauritius
Mexico,https://en.wikipedia.org/wiki/Demographics_of_Mexico
Mongolia,https://en.wikipedia.org/wiki/Demographics_of_Mongolia
the Federated States of Micronesia,https://en.wikipedia.org/wiki/Demographics_of_the_Federated_States_of_Micronesia
Moldova,https://en.wikipedia.org/wiki/Demographics_of_Moldova
Monaco,https://en.wikipedia.org/wiki/Demographics_of_Monaco
Montenegro,https://en.wikipedia.org/wiki/Demographics_of_Montenegro
Morocco,https://en.wikipedia.org/wiki/Demographics_of_Morocco
Mozambique,https://en.wikipedia.org/wiki/Demographics_of_Mozambique
Myanmar,https://en.wikipedia.org/wiki/Demographics_of_Myanmar
Namibia,https://en.wikipedia.org/wiki/Demographics_of_Namibia
Nauru,https://en.wikipedia.org/wiki/Demographics_of_Nauru
Nepal,https://en.wikipedia.org/wiki/Demographics_of_Nepal
the Netherlands,https://en.wikipedia.org/wiki/Demographics_of_the_Netherlands
New Zealand,https://en.wikipedia.org/wiki/Demographics_of_New_Zealand
Nicaragua,https://en.wikipedia.org/wiki/Demographics_of_Nicaragua
Niger,https://en.wikipedia.org/wiki/Demographics_of_Niger
Nigeria,https://en.wikipedia.org/wiki/Demographics_of_Nigeria
North Korea,https://en.wikipedia.org/wiki/Demographics_of_North_Korea
North Macedonia,https://en.wikipedia.org/wiki/Demographics_of_North_Macedonia
Norway,https://en.wikipedia.org/wiki/Demographics_of_Norway
Oman,https://en.wikipedia.org/wiki/Demographics_of_Oman
Pakistan,https://en.wikipedia.org/wiki/Demographics_of_Pakistan
Palau,https://en.wikipedia.org/wiki/Demographics_of_Palau
the State of Palestine,https://en.wikipedia.org/wiki/Demographics_of_the_State_of_Palestine
Panama,https://en.wikipedia.org/wiki/Demographics_of_Panama
Papua New Guinea,https://en.wikipedia.org/wiki/Demographics_of_Papua_New_Guinea
Paraguay,https://en.wikipedia.org/wiki/Demographics_of_Paraguay
Peru,https://en.wikipedia.org/wiki/Demographics_of_Peru
the Philippines,https://en.wikipedia.org/wiki/Demographics_of_the_Philippines
Poland,https://en.wikipedia.org/wiki/Demographics_of_Poland
Portugal,https://en.wikipedia.org/wiki/Demographics_of_Portugal
Qatar,https://en.wikipedia.org/wiki/Demographics_of_Qatar
the Republic of Artsakh,https://en.wikipedia.org/wiki/Demographics_of_the_Republic_of_Artsakh
Romania,https://en.wikipedia.org/wiki/Demographics_of_Romania
Russia,https://en.wikipedia.org/wiki/Demographics_of_Russia
Rwanda,https://en.wikipedia.org/wiki/Demographics_of_Rwanda
Saint Kitts and Nevis,https://en.wikipedia.org/wiki/Demographics_of_Saint_Kitts_and_Nevis
Saint Lucia,https://en.wikipedia.org/wiki/Demographics_of_Saint_Lucia
Saint Vincent and the Grenadines,https://en.wikipedia.org/wiki/Demographics_of_Saint_Vincent_and_the_Grenadines
Samoa,https://en.wikipedia.org/wiki/Demographics_of_Samoa
San Marino,https://en.wikipedia.org/wiki/Demographics_of_San_Marino
São Tomé and Príncipe,https://en.wikipedia.org/wiki/Demographics_of_São_Tomé_and_Príncipe
Saudi Arabia,https://en.wikipedia.org/wiki/Demographics_of_Saudi_Arabia
Senegal,https://en.wikipedia.org/wiki/Demographics_of_Senegal
Serbia,https://en.wikipedia.org/wiki/Demographics_of_Serbia
Seychelles,https://en.wikipedia.org/wiki/Demographics_of_Seychelles
Sierra Leone,https://en.wikipedia.org/wiki/Demographics_of_Sierra_Leone
Singapore,https://en.wikipedia.org/wiki/Demographics_of_Singapore
Sint Maarten,https://en.wikipedia.org/wiki/Demographics_of_Sint_Maarten
Slovakia,https://en.wikipedia.org/wiki/Demographics_of_Slovakia
Slovenia,https://en.wikipedia.org/wiki/Demographics_of_Slovenia
the Solomon Islands,https://en.wikipedia.org/wiki/Demographics_of_the_Solomon_Islands
Somalia,https://en.wikipedia.org/wiki/Demographics_of_Somalia
Somaliland,https://en.wikipedia.org/wiki/Demographics_of_Somaliland
South Africa,https://en.wikipedia.org/wiki/Demographics_of_South_Africa
South Korea,https://en.wikipedia.org/wiki/Demographics_of_South_Korea
South Sudan,https://en.wikipedia.org/wiki/Demographics_of_South_Sudan
Spain,https://en.wikipedia.org/wiki/Demographics_of_Spain
Sri Lanka,https://en.wikipedia.org/wiki/Demographics_of_Sri_Lanka
Sudan,https://en.wikipedia.org/wiki/Demographics_of_Sudan
Suriname,https://en.wikipedia.org/wiki/Demographics_of_Suriname
Sweden,https://en.wikipedia.org/wiki/Demographics_of_Sweden
Switzerland,https://en.wikipedia.org/wiki/Demographics_of_Switzerland
Syria,https://en.wikipedia.org/wiki/Demographics_of_Syria
Taiwan,https://en.wikipedia.org/wiki/Demographics_of_Taiwan
Tajikistan,https://en.wikipedia.org/wiki/Demographics_of_Tajikistan
Tanzania,https://en.wikipedia.org/wiki/Demographics_of_Tanzania
Thailand,https://en.wikipedia.org/wiki/Demographics_of_Thailand
Togo,https://en.wikipedia.org/wiki/Demographics_of_Togo
Tonga,https://en.wikipedia.org/wiki/Demographics_of_Tonga
Trinidad and Tobago,https://en.wikipedia.org/wiki/Demographics_of_Trinidad_and_Tobago
Tunisia,https://en.wikipedia.org/wiki/Demographics_of_Tunisia
Turkey,https://en.wikipedia.org/wiki/Demographics_of_Turkey
Turkmenistan,https://en.wikipedia.org/wiki/Demographics_of_Turkmenistan
Tuvalu,https://en.wikipedia.org/wiki/Demographics_of_Tuvalu
Uganda,https://en.wikipedia.org/wiki/Demographics_of_Uganda
